nome,numero,peso,altura,tipos: ,tipo2
Bulbasaur,0001,6.9 kg (15.2 lbs),0.7 m (2′04″),Grass,Poison
Pidgeotto,0017,30.0 kg (66.1 lbs),1.1 m (3′07″),Normal,Flying
Pidgey,0016,1.8 kg (4.0 lbs),0.3 m (1′00″),Normal,Flying
Beedrill,0015,29.5 kg (65.0 lbs),1.0 m (3′03″),Bug,Poison
Charmander,0004,8.5 kg (18.7 lbs),0.6 m (2′00″),Fire,
Charizard,0006,90.5 kg (199.5 lbs),1.7 m (5′07″),Fire,Flying
Ivysaur,0002,13.0 kg (28.7 lbs),1.0 m (3′03″),Grass,Poison
Kakuna,0014,10.0 kg (22.0 lbs),0.6 m (2′00″),Bug,Poison
Charmeleon,0005,19.0 kg (41.9 lbs),1.1 m (3′07″),Fire,
Venusaur,0003,100.0 kg (220.5 lbs),2.0 m (6′07″),Grass,Poison
Weedle,0013,3.2 kg (7.1 lbs),0.3 m (1′00″),Bug,Poison
Butterfree,0012,32.0 kg (70.5 lbs),1.1 m (3′07″),Bug,Flying
Metapod,0011,9.9 kg (21.8 lbs),0.7 m (2′04″),Bug,25
Caterpie,0010,2.9 kg (6.4 lbs),0.3 m (1′00″),Bug,24
Wartortle,0008,22.5 kg (49.6 lbs),1.0 m (3′03″),Water,
Squirtle,0007,9.0 kg (19.8 lbs),0.5 m (1′08″),Water,
Spearow,0021,2.0 kg (4.4 lbs),0.3 m (1′00″),Normal,Flying
Blastoise,0009,85.5 kg (188.5 lbs),1.6 m (5′03″),Water,
Wigglytuff,0040,12.0 kg (26.5 lbs),1.0 m (3′03″),Normal,Fairy
Jigglypuff,0039,5.5 kg (12.1 lbs),0.5 m (1′08″),Normal,Fairy
Ninetales,0038,19.9 kg (43.9 lbs),1.1 m (3′07″),Fire,Fairy
Vulpix,0037,9.9 kg (21.8 lbs),0.6 m (2′00″),Fire,8
Clefable,0036,40.0 kg (88.2 lbs),1.3 m (4′03″),Fairy,
Clefairy,0035,7.5 kg (16.5 lbs),0.6 m (2′00″),Fairy,
Diglett,0050,0.8 kg (1.8 lbs),0.2 m (0′08″),Ground,Steel
Venomoth,0049,12.5 kg (27.6 lbs),1.5 m (4′11″),Bug,Poison
Dugtrio,0051,33.3 kg (73.4 lbs),0.7 m (2′04″),Ground,Steel
Venonat,0048,30.0 kg (66.1 lbs),1.0 m (3′03″),Bug,Poison
Parasect,0047,29.5 kg (65.0 lbs),1.0 m (3′03″),Bug,Grass
Paras,0046,5.4 kg (11.9 lbs),0.3 m (1′00″),Bug,Grass
Vileplume,0045,18.6 kg (41.0 lbs),1.2 m (3′11″),Grass,Poison
Poliwag,0060,12.4 kg (27.3 lbs),0.6 m (2′00″),Water,22
Arcanine,0059,155.0 kg (341.7 lbs),1.9 m (6′03″),Fire,Rock
Growlithe,0058,19.0 kg (41.9 lbs),0.7 m (2′04″),Fire,Rock
Machop,0066,19.5 kg (43.0 lbs),0.8 m (2′07″),Fighting,Rock Tunnel
Alakazam,0065,48.0 kg (105.8 lbs),1.5 m (4′11″),Psychic,
Kadabra,0064,56.5 kg (124.6 lbs),1.3 m (4′03″),Psychic,
Abra,0063,19.5 kg (43.0 lbs),0.9 m (2′11″),Psychic,6
Poliwrath,0062,54.0 kg (119.0 lbs),1.3 m (4′03″),Water,Fighting
Geodude,0074,20.0 kg (44.1 lbs),0.4 m (1′04″),Rock,Ground
Tentacruel,0073,55.0 kg (121.3 lbs),1.6 m (5′03″),Water,Poison
Tentacool,0072,45.5 kg (100.3 lbs),0.9 m (2′11″),Water,Poison
Slowpoke,0079,36.0 kg (79.4 lbs),1.2 m (3′11″),Water,Psychic
Rapidash,0078,95.0 kg (209.4 lbs),1.7 m (5′07″),Fire,Fairy
Ponyta,0077,30.0 kg (66.1 lbs),1.0 m (3′03″),Fire,
Golem,0076,300.0 kg (661.4 lbs),1.4 m (4′07″),Rock,Ground
Graveler,0075,105.0 kg (231.5 lbs),1.0 m (3′03″),Rock,Ground
Farfetch'd,0083,15.0 kg (33.1 lbs),0.8 m (2′07″),Normal,Flying
Magneton,0082,60.0 kg (132.3 lbs),1.0 m (3′03″),Electric,Steel
Magnemite,0081,6.0 kg (13.2 lbs),0.3 m (1′00″),Electric,Steel
Onix,0095,210.0 kg (463.0 lbs),8.8 m (28′10″),Rock,Ground
Gengar,0094,40.5 kg (89.3 lbs),1.5 m (4′11″),Ghost,Poison
Haunter,0093,0.1 kg (0.2 lbs),1.6 m (5′03″),Ghost,Poison
Gastly,0092,0.1 kg (0.2 lbs),1.3 m (4′03″),Ghost,Poison
Cloyster,0091,132.5 kg (292.1 lbs),1.5 m (4′11″),Water,Ice
Hitmonchan,0107,50.2 kg (110.7 lbs),1.4 m (4′07″),Fighting,
Hitmonlee,0106,49.8 kg (109.8 lbs),1.5 m (4′11″),Fighting,
Marowak,0105,45.0 kg (99.2 lbs),1.0 m (3′03″),Ground,Ghost
Mr. Mime,0122,54.5 kg (120.2 lbs),1.3 m (4′03″),Psychic,Fairy
Starmie,0121,80.0 kg (176.4 lbs),1.1 m (3′07″),Water,Psychic
Staryu,0120,34.5 kg (76.1 lbs),0.8 m (2′07″),Water,20
Seaking,0119,39.0 kg (86.0 lbs),1.3 m (4′03″),Water,Cerulean Cave
Goldeen,0118,15.0 kg (33.1 lbs),0.6 m (2′00″),Water,9
Electabuzz,0125,30.0 kg (66.1 lbs),1.1 m (3′07″),Electric,
Jynx,0124,40.6 kg (89.5 lbs),1.4 m (4′07″),Ice,Psychic
Scyther,0123,56.0 kg (123.5 lbs),1.5 m (4′11″),Bug,Flying
Eevee,0133,6.5 kg (14.3 lbs),0.3 m (1′00″),Normal,Goldenrod City
Ditto,0132,4.0 kg (8.8 lbs),0.3 m (1′00″),Normal,Pokémon Mansion
Lapras,0131,220.0 kg (485.0 lbs),2.5 m (8′02″),Water,Ice
Gyarados,0130,235.0 kg (518.1 lbs),6.5 m (21′04″),Water,Flying
Magikarp,0129,10.0 kg (22.0 lbs),0.9 m (2′11″),Water,9
Snorlax,0143,460.0 kg (1014.1 lbs),2.1 m (6′11″),Normal,
Aerodactyl,0142,59.0 kg (130.1 lbs),1.8 m (5′11″),Rock,Flying
Kabutops,0141,40.5 kg (89.3 lbs),1.3 m (4′03″),Rock,Water
Quilava,0156,19.0 kg (41.9 lbs),0.9 m (2′11″),Fire,
Cyndaquil,0155,7.9 kg (17.4 lbs),0.5 m (1′08″),Fire,
Meganium,0154,100.5 kg (221.6 lbs),1.8 m (5′11″),Grass,
Bayleef,0153,15.8 kg (34.8 lbs),1.2 m (3′11″),Grass,
Chikorita,0152,6.4 kg (14.1 lbs),0.9 m (2′11″),Grass,
Cleffa,0173,3.0 kg (6.6 lbs),0.3 m (1′00″),Fairy,
Pichu,0172,2.0 kg (4.4 lbs),0.3 m (1′00″),Electric,
Lanturn,0171,22.5 kg (49.6 lbs),1.2 m (3′11″),Water,Electric
Xatu,0178,15.0 kg (33.1 lbs),1.5 m (4′11″),Psychic,Flying
Natu,0177,2.0 kg (4.4 lbs),0.2 m (0′08″),Psychic,Flying
Togetic,0176,3.2 kg (7.1 lbs),0.6 m (2′00″),Fairy,Flying
Togepi,0175,1.5 kg (3.3 lbs),0.3 m (1′00″),Fairy,
Igglybuff,0174,1.0 kg (2.2 lbs),0.3 m (1′00″),Normal,Fairy
Sudowoodo,0185,38.0 kg (83.8 lbs),1.2 m (3′11″),Rock,
Azumarill,0184,28.5 kg (62.8 lbs),0.8 m (2′07″),Water,Fairy
Marill,0183,8.5 kg (18.7 lbs),0.4 m (1′04″),Water,Fairy
Sunflora,0192,8.5 kg (18.7 lbs),0.8 m (2′07″),Grass,
Sunkern,0191,1.8 kg (4.0 lbs),0.3 m (1′00″),Grass,
Aipom,0190,11.5 kg (25.4 lbs),0.8 m (2′07″),Normal,42
Jumpluff,0189,3.0 kg (6.6 lbs),0.8 m (2′07″),Grass,Flying
Skiploom,0188,1.0 kg (2.2 lbs),0.6 m (2′00″),Grass,Flying
Unown,0201,5.0 kg (11.0 lbs),0.5 m (1′08″),Psychic,
Misdreavus,0200,1.0 kg (2.2 lbs),0.7 m (2′04″),Ghost,
Slowking,0199,79.5 kg (175.3 lbs),2.0 m (6′07″),Water,Psychic
Girafarig,0203,41.5 kg (91.5 lbs),1.5 m (4′11″),Normal,Psychic
Wobbuffet,0202,28.5 kg (62.8 lbs),1.3 m (4′03″),Psychic,Goldenrod City
Murkrow,0198,2.1 kg (4.6 lbs),0.5 m (1′08″),Dark,Flying
Umbreon,0197,27.0 kg (59.5 lbs),1.0 m (3′03″),Dark,
Espeon,0196,26.5 kg (58.4 lbs),0.9 m (2′11″),Psychic,
Forretress,0205,125.8 kg (277.3 lbs),1.2 m (3′11″),Bug,Steel
Pineco,0204,7.2 kg (15.9 lbs),0.6 m (2′00″),Bug,27
Quagsire,0195,75.0 kg (165.3 lbs),1.4 m (4′07″),Water,Ground
Heracross,0214,54.0 kg (119.0 lbs),1.5 m (4′11″),Bug,Fighting
Shuckle,0213,20.5 kg (45.2 lbs),0.6 m (2′00″),Bug,Rock
Scizor,0212,118.0 kg (260.1 lbs),1.8 m (5′11″),Bug,Steel
Qwilfish,0211,3.9 kg (8.6 lbs),0.5 m (1′08″),Water,Poison
Granbull,0210,48.7 kg (107.4 lbs),1.4 m (4′07″),Fairy,6
Delibird,0225,16.0 kg (35.3 lbs),0.9 m (2′11″),Ice,Flying
Octillery,0224,28.5 kg (62.8 lbs),0.9 m (2′11″),Water,
Remoraid,0223,12.0 kg (26.5 lbs),0.6 m (2′00″),Water,
Kingdra,0230,152.0 kg (335.1 lbs),1.8 m (5′11″),Water,Dragon
Houndoom,0229,35.0 kg (77.2 lbs),1.4 m (4′07″),Dark,Fire
Houndour,0228,10.8 kg (23.8 lbs),0.6 m (2′00″),Dark,Fire
Skarmory,0227,50.5 kg (111.3 lbs),1.7 m (5′07″),Steel,Flying
Mantine,0226,220.0 kg (485.0 lbs),2.1 m (6′11″),Water,Flying
Entei,0244,198.0 kg (436.5 lbs),2.1 m (6′11″),Fire,
Raikou,0243,178.0 kg (392.4 lbs),1.9 m (6′03″),Electric,
Blissey,0242,46.8 kg (103.2 lbs),1.5 m (4′11″),Normal,
Combusken,0256,19.5 kg (43.0 lbs),0.9 m (2′11″),Fire,Fighting
Torchic,0255,2.5 kg (5.5 lbs),0.4 m (1′04″),Fire,
Sceptile,0254,52.2 kg (115.1 lbs),1.7 m (5′07″),Grass,Dragon
Grovyle,0253,21.6 kg (47.6 lbs),0.9 m (2′11″),Grass,
Treecko,0252,5.0 kg (11.0 lbs),0.5 m (1′08″),Grass,
Wurmple,0265,3.6 kg (7.9 lbs),0.3 m (1′00″),Bug,
Linoone,0264,32.5 kg (71.7 lbs),0.5 m (1′08″),Normal,Normal
Zigzagoon,0263,17.5 kg (38.6 lbs),0.4 m (1′04″),Normal,Normal
Taillow,0276,2.3 kg (5.1 lbs),0.3 m (1′00″),Normal,Flying
Shiftry,0275,59.6 kg (131.4 lbs),1.3 m (4′03″),Grass,Dark
Nuzleaf,0274,28.0 kg (61.7 lbs),1.0 m (3′03″),Grass,Dark
Seedot,0273,4.0 kg (8.8 lbs),0.5 m (1′08″),Grass,
Ludicolo,0272,55.0 kg (121.3 lbs),1.5 m (4′11″),Water,Grass
Ralts,0280,6.6 kg (14.6 lbs),0.4 m (1′04″),Psychic,Fairy
Pelipper,0279,28.0 kg (61.7 lbs),1.2 m (3′11″),Water,Flying
Wingull,0278,9.5 kg (20.9 lbs),0.6 m (2′00″),Water,Flying
Azurill,0298,2.0 kg (4.4 lbs),0.2 m (0′08″),Normal,Fairy
Hariyama,0297,253.8 kg (559.5 lbs),2.3 m (7′07″),Fighting,
Makuhita,0296,86.4 kg (190.5 lbs),1.0 m (3′03″),Fighting,
Exploud,0295,84.0 kg (185.2 lbs),1.5 m (4′11″),Normal,
Loudred,0294,40.5 kg (89.3 lbs),1.0 m (3′03″),Normal,
Sableye,0302,11.0 kg (24.3 lbs),0.5 m (1′08″),Dark,Ghost
Delcatty,0301,32.6 kg (71.9 lbs),1.1 m (3′07″),Normal,
Skitty,0300,11.0 kg (24.3 lbs),0.6 m (2′00″),Normal,
Manectric,0310,40.2 kg (88.6 lbs),1.5 m (4′11″),Electric,
Electrike,0309,15.2 kg (33.5 lbs),0.6 m (2′00″),Electric,
Medicham,0308,31.5 kg (69.4 lbs),1.3 m (4′03″),Fighting,Psychic
Meditite,0307,11.2 kg (24.7 lbs),0.6 m (2′00″),Fighting,Psychic
Aggron,0306,360.0 kg (793.7 lbs),2.1 m (6′11″),Steel,Rock
Minun,0312,4.2 kg (9.3 lbs),0.4 m (1′04″),Electric,
Plusle,0311,4.2 kg (9.3 lbs),0.4 m (1′04″),Electric,
Lairon,0305,120.0 kg (264.6 lbs),0.9 m (2′11″),Steel,Rock
Wailmer,0320,130.0 kg (286.6 lbs),2.0 m (6′07″),Water,
Sharpedo,0319,88.8 kg (195.8 lbs),1.8 m (5′11″),Water,Dark
Carvanha,0318,20.8 kg (45.9 lbs),0.8 m (2′07″),Water,Dark
Swalot,0317,80.0 kg (176.4 lbs),1.7 m (5′07″),Poison,
Gulpin,0316,10.3 kg (22.7 lbs),0.4 m (1′04″),Poison,
Spinda,0327,5.0 kg (11.0 lbs),1.1 m (3′07″),Normal,
Grumpig,0326,71.5 kg (157.6 lbs),0.9 m (2′11″),Psychic,
Spoink,0325,30.6 kg (67.5 lbs),0.7 m (2′04″),Psychic,
Seviper,0336,52.5 kg (115.7 lbs),2.7 m (8′10″),Poison,
Zangoose,0335,40.3 kg (88.8 lbs),1.3 m (4′03″),Normal,
Altaria,0334,20.6 kg (45.4 lbs),1.1 m (3′07″),Dragon,Flying
Swablu,0333,1.2 kg (2.6 lbs),0.4 m (1′04″),Normal,Flying
Cacturne,0332,77.4 kg (170.6 lbs),1.3 m (4′03″),Grass,Dark
Anorith,0347,12.5 kg (27.6 lbs),0.7 m (2′04″),Rock,Bug
Cradily,0346,60.4 kg (133.2 lbs),1.5 m (4′11″),Rock,Grass
Lileep,0345,23.8 kg (52.5 lbs),1.0 m (3′03″),Rock,Grass
Glalie,0362,256.5 kg (565.5 lbs),1.5 m (4′11″),Ice,
Snorunt,0361,16.8 kg (37.0 lbs),0.7 m (2′04″),Ice,
Wynaut,0360,14.0 kg (30.9 lbs),0.6 m (2′00″),Psychic,
Absol,0359,47.0 kg (103.6 lbs),1.2 m (3′11″),Dark,
Chimecho,0358,1.0 kg (2.2 lbs),0.6 m (2′00″),Psychic,
Salamence,0373,102.6 kg (226.2 lbs),1.5 m (4′11″),Dragon,Flying
Shelgon,0372,110.5 kg (243.6 lbs),1.1 m (3′07″),Dragon,
Bagon,0371,42.1 kg (92.8 lbs),0.6 m (2′00″),Dragon,
Regice,0378,175.0 kg (385.8 lbs),1.8 m (5′11″),Ice,
Regirock,0377,230.0 kg (507.1 lbs),1.7 m (5′07″),Rock,
Metagross,0376,550.0 kg (1212.5 lbs),1.6 m (5′03″),Steel,Psychic
Metang,0375,202.5 kg (446.4 lbs),1.2 m (3′11″),Steel,Psychic
Beldum,0374,95.2 kg (209.9 lbs),0.6 m (2′00″),Steel,Psychic
Rayquaza,0384,206.5 kg (455.3 lbs),7.0 m (23′00″),Dragon,Flying
Groudon,0383,950.0 kg (2094.4 lbs),3.5 m (11′06″),Ground,Fire
Kyogre,0382,352.0 kg (776.0 lbs),4.5 m (14′09″),Water,
Empoleon,0395,84.5 kg (186.3 lbs),1.7 m (5′07″),Water,Steel
Prinplup,0394,23.0 kg (50.7 lbs),0.8 m (2′07″),Water,
Piplup,0393,5.2 kg (11.5 lbs),0.4 m (1′04″),Water,
Infernape,0392,55.0 kg (121.3 lbs),1.2 m (3′11″),Fire,Fighting
Monferno,0391,22.0 kg (48.5 lbs),0.9 m (2′11″),Fire,Fighting
Burmy,0412,3.4 kg (7.5 lbs),0.2 m (0′08″),Bug,
Bastiodon,0411,149.5 kg (329.6 lbs),1.3 m (4′03″),Rock,Steel
Shieldon,0410,57.0 kg (125.7 lbs),0.5 m (1′08″),Rock,Steel
Drifloon,0425,1.2 kg (2.6 lbs),0.4 m (1′04″),Ghost,Flying
Ambipom,0424,20.3 kg (44.8 lbs),1.2 m (3′11″),Normal,
Gastrodon,0423,29.9 kg (65.9 lbs),0.9 m (2′11″),Water,Ground
Shellos,0422,6.3 kg (13.9 lbs),0.3 m (1′00″),Water,212
Cherrim,0421,9.3 kg (20.5 lbs),0.5 m (1′08″),Grass,
Mismagius,0429,4.4 kg (9.7 lbs),0.9 m (2′11″),Ghost,
Lopunny,0428,33.3 kg (73.4 lbs),1.2 m (3′11″),Normal,Fighting
Buneary,0427,5.5 kg (12.1 lbs),0.4 m (1′04″),Normal,
Lucario,0448,54.0 kg (119.0 lbs),1.2 m (3′11″),Fighting,Steel
Riolu,0447,20.2 kg (44.5 lbs),0.7 m (2′04″),Fighting,
Munchlax,0446,105.0 kg (231.5 lbs),0.6 m (2′00″),Normal,
Garchomp,0445,95.0 kg (209.4 lbs),1.9 m (6′03″),Dragon,Ground
Gabite,0444,56.0 kg (123.5 lbs),1.4 m (4′07″),Dragon,Ground
Abomasnow,0460,135.5 kg (298.7 lbs),2.2 m (7′03″),Grass,Ice
Snover,0459,50.5 kg (111.3 lbs),1.0 m (3′03″),Grass,Ice
Mantyke,0458,65.0 kg (143.3 lbs),1.0 m (3′03″),Water,Flying
Porygon-Z,0474,34.0 kg (75.0 lbs),0.9 m (2′11″),Normal,
Mamoswine,0473,291.0 kg (641.5 lbs),2.5 m (8′02″),Ice,Ground
Gliscor,0472,42.5 kg (93.7 lbs),2.0 m (6′07″),Ground,Flying
Glaceon,0471,25.9 kg (57.1 lbs),0.8 m (2′07″),Ice,
Leafeon,0470,25.5 kg (56.2 lbs),1.0 m (3′03″),Grass,
Dialga,0483,683.0 kg (1505.8 lbs),5.4 m (17′09″),Steel,Dragon
Azelf,0482,0.3 kg (0.7 lbs),0.3 m (1′00″),Psychic,
Mesprit,0481,0.3 kg (0.7 lbs),0.3 m (1′00″),Psychic,
Shaymin,0492,2.1 kg (4.6 lbs),0.2 m (0′08″),Grass,Flying
Darkrai,0491,50.5 kg (111.3 lbs),1.5 m (4′11″),Dark,
Manaphy,0490,1.4 kg (3.1 lbs),0.3 m (1′00″),Water,
Phione,0489,3.1 kg (6.8 lbs),0.4 m (1′04″),Water,
Cresselia,0488,85.6 kg (188.7 lbs),1.5 m (4′11″),Psychic,
Patrat,0504,11.6 kg (25.6 lbs),0.5 m (1′08″),Normal,20
Samurott,0503,94.6 kg (208.6 lbs),1.5 m (4′11″),Water,Dark
Dewott,0502,24.5 kg (54.0 lbs),0.8 m (2′07″),Water,
Simisear,0514,28.0 kg (61.7 lbs),1.0 m (3′03″),Fire,
Pansear,0513,11.0 kg (24.3 lbs),0.6 m (2′00″),Fire,Pinwheel Forest
Simisage,0512,30.5 kg (67.2 lbs),1.1 m (3′07″),Grass,
Pansage,0511,10.5 kg (23.1 lbs),0.6 m (2′00″),Grass,Pinwheel Forest
Liepard,0510,37.5 kg (82.7 lbs),1.1 m (3′07″),Dark,5
Roggenrola,0524,18.0 kg (39.7 lbs),0.4 m (1′04″),Rock,
Zebstrika,0523,79.5 kg (175.3 lbs),1.6 m (5′03″),Electric,7
Blitzle,0522,29.8 kg (65.7 lbs),0.8 m (2′07″),Electric,
Audino,0531,31.0 kg (68.3 lbs),1.1 m (3′07″),Normal,Fairy
Excadrill,0530,40.4 kg (89.1 lbs),0.7 m (2′04″),Ground,Steel
Drilbur,0529,8.5 kg (18.7 lbs),0.3 m (1′00″),Ground,Mistralton Cave
Swoobat,0528,10.5 kg (23.1 lbs),0.9 m (2′11″),Psychic,Flying
Woobat,0527,2.1 kg (4.6 lbs),0.4 m (1′04″),Psychic,Flying
Lilligant,0549,16.3 kg (35.9 lbs),1.1 m (3′07″),Grass,Fighting
Petilil,0548,6.6 kg (14.6 lbs),0.5 m (1′08″),Grass,Lostlorn Forest
Whimsicott,0547,6.6 kg (14.6 lbs),0.7 m (2′04″),Grass,Fairy
Dwebble,0557,14.5 kg (32.0 lbs),0.3 m (1′00″),Bug,Rock
Maractus,0556,28.0 kg (61.7 lbs),1.0 m (3′03″),Grass,
Darmanitan,0555,92.9 kg (204.8 lbs),1.3 m (4′03″),Fire,Psychic
Darumaka,0554,37.5 kg (82.7 lbs),0.6 m (2′00″),Fire,
Krookodile,0553,96.3 kg (212.3 lbs),1.5 m (4′11″),Ground,Dark
Crustle,0558,200.0 kg (440.9 lbs),1.4 m (4′07″),Bug,Rock
Krokorok,0552,33.4 kg (73.6 lbs),1.0 m (3′03″),Ground,Dark
Sandile,0551,15.2 kg (33.5 lbs),0.7 m (2′04″),Ground,Dark
Garbodor,0569,107.3 kg (236.6 lbs),1.9 m (6′03″),Poison,Pokémon Village
Trubbish,0568,31.0 kg (68.3 lbs),0.6 m (2′00″),Poison,5
Archeops,0567,32.0 kg (70.5 lbs),1.4 m (4′07″),Rock,Flying
Archen,0566,9.5 kg (20.9 lbs),0.5 m (1′08″),Rock,Flying
Carracosta,0565,81.0 kg (178.6 lbs),1.2 m (3′11″),Water,Rock
Zoroark,0571,81.1 kg (178.8 lbs),1.6 m (5′03″),Dark,Ghost
Zorua,0570,12.5 kg (27.6 lbs),0.7 m (2′04″),Dark,Ghost
Tirtouga,0564,16.5 kg (36.4 lbs),0.7 m (2′04″),Water,Rock
Karrablast,0588,5.9 kg (13.0 lbs),0.5 m (1′08″),Bug,8
Emolga,0587,5.0 kg (11.0 lbs),0.4 m (1′04″),Electric,Flying
Sawsbuck,0586,92.5 kg (203.9 lbs),1.9 m (6′03″),Normal,Grass
Deerling,0585,19.5 kg (43.0 lbs),0.6 m (2′00″),Normal,Grass
Vanilluxe,0584,57.5 kg (126.8 lbs),1.3 m (4′03″),Ice,Giant Chasm
Ferroseed,0597,18.8 kg (41.4 lbs),0.6 m (2′00″),Grass,Steel
Galvantula,0596,14.3 kg (31.5 lbs),0.8 m (2′07″),Bug,Electric
Joltik,0595,0.6 kg (1.3 lbs),0.1 m (0′04″),Bug,Electric
Litwick,0607,3.1 kg (6.8 lbs),0.3 m (1′00″),Ghost,Fire
Beheeyem,0606,34.5 kg (76.1 lbs),1.0 m (3′03″),Psychic,
Elgyem,0605,9.0 kg (19.8 lbs),0.5 m (1′08″),Psychic,
Eelektross,0604,80.5 kg (177.5 lbs),2.1 m (6′11″),Electric,
Eelektrik,0603,22.0 kg (48.5 lbs),1.2 m (3′11″),Electric,
Stunfisk,0618,11.0 kg (24.3 lbs),0.7 m (2′04″),Ground,Electric
Accelgor,0617,25.3 kg (55.8 lbs),0.8 m (2′07″),Bug,
Shelmet,0616,7.7 kg (17.0 lbs),0.4 m (1′04″),Bug,8
Braviary,0628,41.0 kg (90.4 lbs),1.5 m (4′11″),Normal,Flying
Rufflet,0627,10.5 kg (23.1 lbs),0.5 m (1′08″),Normal,Flying
Bouffalant,0626,94.6 kg (208.6 lbs),1.6 m (5′03″),Normal,
Bisharp,0625,70.0 kg (154.3 lbs),1.6 m (5′03″),Dark,Steel
Pawniard,0624,10.2 kg (22.5 lbs),0.5 m (1′08″),Dark,Steel
Deino,0633,17.3 kg (38.1 lbs),0.8 m (2′07″),Dark,Dragon
Durant,0632,33.0 kg (72.8 lbs),0.3 m (1′00″),Bug,Steel
Heatmor,0631,58.0 kg (127.9 lbs),1.4 m (4′07″),Fire,
Keldeo,0647,48.5 kg (106.9 lbs),1.4 m (4′07″),Water,Fighting
Kyurem,0646,325.0 kg (716.5 lbs),3.0 m (9′10″),Dragon,Ice
Landorus,0645,68.0 kg (149.9 lbs),1.5 m (4′11″),Ground,Flying
Zekrom,0644,345.0 kg (760.6 lbs),2.9 m (9′06″),Dragon,Electric
Reshiram,0643,330.0 kg (727.5 lbs),3.2 m (10′06″),Dragon,Fire
Quilladin,0651,29.0 kg (63.9 lbs),0.7 m (2′04″),Grass,
Chespin,0650,9.0 kg (19.8 lbs),0.4 m (1′04″),Grass,
Genesect,0649,82.5 kg (181.9 lbs),1.5 m (4′11″),Bug,Steel
Fletchling,0661,1.7 kg (3.7 lbs),0.3 m (1′00″),Normal,Flying
Diggersby,0660,42.4 kg (93.5 lbs),1.0 m (3′03″),Normal,Ground
Bunnelby,0659,5.0 kg (11.0 lbs),0.4 m (1′04″),Normal,
Greninja,0658,40.0 kg (88.2 lbs),1.5 m (4′11″),Water,Dark
Frogadier,0657,10.9 kg (24.0 lbs),0.6 m (2′00″),Water,
Pangoro,0675,136.0 kg (299.8 lbs),2.1 m (6′11″),Fighting,Dark
Pancham,0674,8.0 kg (17.6 lbs),0.6 m (2′00″),Fighting,
Gogoat,0673,91.0 kg (200.6 lbs),1.7 m (5′07″),Grass,
Meowstic,0678,8.5 kg (18.7 lbs),0.6 m (2′00″),Psychic,
Espurr,0677,3.5 kg (7.7 lbs),0.3 m (1′00″),Psychic,
Furfrou,0676,28.0 kg (61.7 lbs),1.2 m (3′11″),Normal,
Skiddo,0672,31.0 kg (68.3 lbs),0.9 m (2′11″),Grass,
Florges,0671,10.0 kg (22.0 lbs),1.1 m (3′07″),Fairy,
Swirlix,0684,3.5 kg (7.7 lbs),0.4 m (1′04″),Fairy,
Aromatisse,0683,15.5 kg (34.2 lbs),0.8 m (2′07″),Fairy,
Spritzee,0682,0.5 kg (1.1 lbs),0.2 m (0′08″),Fairy,
Tyrunt,0696,26.0 kg (57.3 lbs),0.8 m (2′07″),Rock,Dragon
Heliolisk,0695,21.0 kg (46.3 lbs),1.0 m (3′03″),Electric,Normal
Helioptile,0694,6.0 kg (13.2 lbs),0.5 m (1′08″),Electric,Normal
Clawitzer,0693,35.3 kg (77.8 lbs),1.3 m (4′03″),Water,
Clauncher,0692,8.3 kg (18.3 lbs),0.5 m (1′08″),Water,
Sliggoo,0705,17.5 kg (38.6 lbs),0.8 m (2′07″),Dragon,Dragon
Goomy,0704,2.8 kg (6.2 lbs),0.3 m (1′00″),Dragon,
Carbink,0703,5.7 kg (12.6 lbs),0.3 m (1′00″),Rock,Fairy
Phantump,0708,7.0 kg (15.4 lbs),0.4 m (1′04″),Ghost,Grass
Klefki,0707,3.0 kg (6.6 lbs),0.2 m (0′08″),Steel,Fairy
Goodra,0706,150.5 kg (331.8 lbs),2.0 m (6′07″),Dragon,Dragon
Dedenne,0702,2.2 kg (4.9 lbs),0.2 m (0′08″),Electric,Fairy
Hawlucha,0701,21.5 kg (47.4 lbs),0.8 m (2′07″),Fighting,Flying
Noibat,0714,8.0 kg (17.6 lbs),0.5 m (1′08″),Flying,Dragon
Avalugg,0713,505.0 kg (1113.3 lbs),2.0 m (6′07″),Ice,Rock
Bergmite,0712,99.5 kg (219.4 lbs),1.0 m (3′03″),Ice,
Litten,0725,4.3 kg (9.5 lbs),0.4 m (1′04″),Fire,
Decidueye,0724,36.6 kg (80.7 lbs),1.6 m (5′03″),Grass,Ghost
Dartrix,0723,16.0 kg (35.3 lbs),0.7 m (2′04″),Grass,Flying
Rowlet,0722,1.5 kg (3.3 lbs),0.3 m (1′00″),Grass,Flying
Volcanion,0721,195.0 kg (429.9 lbs),1.7 m (5′07″),Fire,Water
Popplio,0728,7.5 kg (16.5 lbs),0.4 m (1′04″),Water,
Incineroar,0727,83.0 kg (183.0 lbs),1.8 m (5′11″),Fire,Dark
Torracat,0726,25.0 kg (55.1 lbs),0.7 m (2′04″),Fire,
Vikavolt,0738,45.0 kg (99.2 lbs),1.5 m (4′11″),Bug,Electric
Charjabug,0737,10.5 kg (23.1 lbs),0.5 m (1′08″),Bug,Electric
Grubbin,0736,4.4 kg (9.7 lbs),0.4 m (1′04″),Bug,4
Yungoos,0734,6.0 kg (13.2 lbs),0.4 m (1′04″),Normal,2
Cutiefly,0742,0.2 kg (0.4 lbs),0.1 m (0′04″),Bug,Fairy
Oricorio,0741,3.4 kg (7.5 lbs),0.6 m (2′00″),Fire,Flying
Crabominable,0740,180.0 kg (396.8 lbs),1.7 m (5′07″),Fighting,Ice
Gumshoos,0735,14.2 kg (31.3 lbs),0.7 m (2′04″),Normal,10
Fomantis,0753,1.5 kg (3.3 lbs),0.3 m (1′00″),Grass,
Araquanid,0752,82.0 kg (180.8 lbs),1.8 m (5′11″),Water,Bug
Dewpider,0751,4.0 kg (8.8 lbs),0.3 m (1′00″),Water,Bug
Mudsdale,0750,920.0 kg (2028.3 lbs),2.5 m (8′02″),Ground,Blush Mountain
Mudbray,0749,110.0 kg (242.5 lbs),1.0 m (3′03″),Ground,
Comfey,0764,0.3 kg (0.7 lbs),0.1 m (0′04″),Fairy,Poké Pelago
Tsareena,0763,21.4 kg (47.2 lbs),1.2 m (3′11″),Grass,
Steenee,0762,8.2 kg (18.1 lbs),0.7 m (2′04″),Grass,
Tapu Koko,0785,20.5 kg (45.2 lbs),1.8 m (5′11″),Electric,Fairy
Kommo-o,0784,78.2 kg (172.4 lbs),1.6 m (5′03″),Dragon,Fighting
Hakamo-o,0783,47.0 kg (103.6 lbs),1.2 m (3′11″),Dragon,Fighting
Jangmo-o,0782,29.7 kg (65.5 lbs),0.6 m (2′00″),Dragon,
Pheromosa,0795,25.0 kg (55.1 lbs),1.8 m (5′11″),Bug,Fighting
Buzzwole,0794,333.6 kg (735.5 lbs),2.4 m (7′10″),Bug,Fighting
Nihilego,0793,55.5 kg (122.4 lbs),1.2 m (3′11″),Rock,Poison
Lunala,0792,120.0 kg (264.6 lbs),4.0 m (13′01″),Psychic,Ghost
Kartana,0798,0.1 kg (0.2 lbs),0.3 m (1′00″),Grass,Steel
Celesteela,0797,999.9 kg (2204.4 lbs),9.2 m (30′02″),Steel,Flying
Xurkitree,0796,100.0 kg (220.5 lbs),3.8 m (12′06″),Electric,
Solgaleo,0791,230.0 kg (507.1 lbs),3.4 m (11′02″),Psychic,Steel
Naganadel,0804,150.0 kg (330.7 lbs),3.6 m (11′10″),Poison,Dragon
Poipole,0803,1.8 kg (4.0 lbs),0.6 m (2′00″),Poison,
Marshadow,0802,22.2 kg (48.9 lbs),0.7 m (2′04″),Fighting,Ghost
Magearna,0801,80.5 kg (177.5 lbs),1.0 m (3′03″),Steel,Fairy
Zeraora,0807,44.5 kg (98.1 lbs),1.5 m (4′11″),Electric,
Blacephalon,0806,13.0 kg (28.7 lbs),1.8 m (5′11″),Fire,Ghost
Stakataka,0805,820.0 kg (1807.8 lbs),5.5 m (18′01″),Rock,Steel
Necrozma,0800,230.0 kg (507.1 lbs),2.4 m (7′10″),Psychic,Steel
Inteleon,0818,45.2 kg (99.6 lbs),1.9 m (6′03″),Water,
Drizzile,0817,11.5 kg (25.4 lbs),0.7 m (2′04″),Water,
Sobble,0816,4.0 kg (8.8 lbs),0.3 m (1′00″),Water,
Cinderace,0815,33.0 kg (72.8 lbs),1.4 m (4′07″),Fire,
Blipbug,0824,8.0 kg (17.6 lbs),0.4 m (1′04″),Bug,
Corviknight,0823,75.0 kg (165.3 lbs),2.2 m (7′03″),Flying,Steel
Corvisquire,0822,16.0 kg (35.3 lbs),0.8 m (2′07″),Flying,
Rookidee,0821,1.8 kg (4.0 lbs),0.2 m (0′08″),Flying,
Yamper,0835,13.5 kg (29.8 lbs),0.3 m (1′00″),Electric,
Drednaw,0834,115.5 kg (254.6 lbs),1.0 m (3′03″),Water,Rock
Chewtle,0833,8.5 kg (18.7 lbs),0.3 m (1′00″),Water,
Dubwool,0832,43.0 kg (94.8 lbs),1.3 m (4′03″),Normal,
Cramorant,0845,18.0 kg (39.7 lbs),0.8 m (2′07″),Flying,Water
Sandaconda,0844,65.5 kg (144.4 lbs),3.8 m (12′06″),Ground,
Silicobra,0843,7.6 kg (16.8 lbs),2.2 m (7′03″),Ground,
Appletun,0842,13.0 kg (28.7 lbs),0.4 m (1′04″),Grass,Dragon
Hattrem,0857,4.8 kg (10.6 lbs),0.6 m (2′00″),Psychic,
Hatenna,0856,3.4 kg (7.5 lbs),0.4 m (1′04″),Psychic,
Polteageist,0855,0.4 kg (0.9 lbs),0.2 m (0′08″),Ghost,
Sinistea,0854,0.2 kg (0.4 lbs),0.1 m (0′04″),Ghost,
Mr. Rime,0866,58.2 kg (128.3 lbs),1.5 m (4′11″),Ice,Psychic
Sirfetch'd,0865,117.0 kg (257.9 lbs),0.8 m (2′07″),Fighting,
Cursola,0864,0.4 kg (0.9 lbs),1.0 m (3′03″),Ghost,
Perrserker,0863,28.0 kg (61.7 lbs),0.8 m (2′07″),Steel,
Eiscue,0875,89.0 kg (196.2 lbs),1.4 m (4′07″),Ice,Lake of Outrage
Stonjourner,0874,520.0 kg (1146.4 lbs),2.5 m (8′02″),Rock,
Frosmoth,0873,42.0 kg (92.6 lbs),1.3 m (4′03″),Ice,Bug
Snom,0872,3.8 kg (8.4 lbs),0.3 m (1′00″),Ice,Bug
Morpeko,0877,3.0 kg (6.6 lbs),0.3 m (1′00″),Electric,Dark
Indeedee,0876,28.0 kg (61.7 lbs),0.9 m (2′11″),Psychic,Normal
Pincurchin,0871,1.0 kg (2.2 lbs),0.3 m (1′00″),Electric,
Falinks,0870,62.0 kg (136.7 lbs),3.0 m (9′10″),Fighting,
Drakloak,0886,11.0 kg (24.3 lbs),1.4 m (4′07″),Dragon,Ghost
Dreepy,0885,2.0 kg (4.4 lbs),0.5 m (1′08″),Dragon,Ghost
Duraludon,0884,40.0 kg (88.2 lbs),1.8 m (5′11″),Steel,Dragon
Arctovish,0883,175.0 kg (385.8 lbs),2.0 m (6′07″),Water,Ice
Spectrier,0897,44.5 kg (98.1 lbs),2.0 m (6′07″),Ghost,
Glastrier,0896,800.0 kg (1763.7 lbs),2.2 m (7′03″),Ice,
Regidrago,0895,200.0 kg (440.9 lbs),2.1 m (6′11″),Dragon,
Regieleki,0894,145.0 kg (319.7 lbs),1.2 m (3′11″),Electric,
Basculegion,0902,110.0 kg (242.5 lbs),3.0 m (9′10″),Water,Ghost
Ursaluna,0901,290.0 kg (639.3 lbs),2.4 m (7′10″),Ground,Normal
Kleavor,0900,89.0 kg (196.2 lbs),1.8 m (5′11″),Bug,Rock
Wyrdeer,0899,95.1 kg (209.7 lbs),1.8 m (5′11″),Normal,Psychic
Quaxly,0912,6.1 kg (13.4 lbs),0.5 m (1′08″),Water,
Skeledirge,0911,326.5 kg (719.8 lbs),1.6 m (5′03″),Fire,Ghost
Crocalor,0910,30.7 kg (67.7 lbs),1.0 m (3′03″),Fire,
Fuecoco,0909,9.8 kg (21.6 lbs),0.4 m (1′04″),Fire,
Pawmo,0922,6.5 kg (14.3 lbs),0.4 m (1′04″),Electric,Fighting
Pawmi,0921,2.5 kg (5.5 lbs),0.3 m (1′00″),Electric,
Lokix,0920,17.5 kg (38.6 lbs),1.0 m (3′03″),Bug,Dark
Nymble,0919,1.0 kg (2.2 lbs),0.2 m (0′08″),Bug,
Squawkabilly,0931,2.4 kg (5.3 lbs),0.6 m (2′00″),Normal,Flying
Arboliva,0930,48.2 kg (106.3 lbs),1.4 m (4′07″),Grass,Normal
Dolliv,0929,11.9 kg (26.2 lbs),0.6 m (2′00″),Grass,Normal
Smoliv,0928,6.5 kg (14.3 lbs),0.3 m (1′00″),Grass,Normal
Mabosstiff,0943,61.0 kg (134.5 lbs),1.1 m (3′07″),Dark,
Maschiff,0942,16.0 kg (35.3 lbs),0.5 m (1′08″),Dark,
Kilowattrel,0941,38.6 kg (85.1 lbs),1.4 m (4′07″),Electric,Flying
Wattrel,0940,3.6 kg (7.9 lbs),0.4 m (1′04″),Electric,Flying
Wugtrio,0961,5.4 kg (11.9 lbs),1.2 m (3′11″),Water,
Wiglett,0960,1.8 kg (4.0 lbs),1.2 m (3′11″),Water,
Tinkaton,0959,112.8 kg (248.7 lbs),0.7 m (2′04″),Fairy,Steel
Tinkatuff,0958,59.1 kg (130.3 lbs),0.7 m (2′04″),Fairy,Steel
Tatsugiri,0978,8.0 kg (17.6 lbs),0.3 m (1′00″),Dragon,Water
Dondozo,0977,220.0 kg (485.0 lbs),12.0 m (39′04″),Water,
Veluza,0976,90.0 kg (198.4 lbs),2.5 m (8′02″),Water,Psychic
Cetitan,0975,700.0 kg (1543.2 lbs),4.5 m (14′09″),Ice,
Brute Bonnet,0986,21.0 kg (46.3 lbs),1.2 m (3′11″),Grass,Dark
Scream Tail,0985,8.0 kg (17.6 lbs),1.2 m (3′11″),Fairy,Psychic
Great Tusk,0984,320.0 kg (705.5 lbs),2.2 m (7′03″),Ground,Fighting
Kingambit,0983,120.0 kg (264.6 lbs),2.0 m (6′07″),Dark,Steel
Iron Moth,0994,36.0 kg (79.4 lbs),1.2 m (3′11″),Fire,Poison
Iron Jugulis,0993,111.0 kg (244.7 lbs),1.3 m (4′03″),Dark,Flying
Iron Hands,0992,380.7 kg (839.3 lbs),1.8 m (5′11″),Fighting,Electric
Iron Bundle,0991,11.0 kg (24.3 lbs),0.6 m (2′00″),Ice,Water
Iron Leaves,1010,125.0 kg (275.6 lbs),1.5 m (4′11″),Grass,Psychic
Miraidon,1008,240.0 kg (529.1 lbs),3.5 m (11′06″),Electric,Dragon
Koraidon,1007,303.0 kg (668.0 lbs),2.5 m (8′02″),Fighting,Dragon
Iron Valiant,1006,35.0 kg (77.2 lbs),1.4 m (4′07″),Fairy,Fighting
Roaring Moon,1005,380.0 kg (837.8 lbs),2.0 m (6′07″),Dragon,Dark
Chi-Yu,1004,4.9 kg (10.8 lbs),0.4 m (1′04″),Dark,Fire
Ting-Lu,1003,699.7 kg (1542.6 lbs),2.7 m (8′10″),Dark,Ground
Walking Wake,1009,280.0 kg (617.3 lbs),3.5 m (11′06″),Water,Dragon
Wo-Chien,1001,74.2 kg (163.6 lbs),1.5 m (4′11″),Dark,Grass
Gholdengo,1000,30.0 kg (66.1 lbs),1.2 m (3′11″),Steel,Ghost
Gimmighoul,0999,5.0 kg (11.0 lbs),0.3 m (1′00″),Ghost,
Baxcalibur,0998,210.0 kg (463.0 lbs),2.1 m (6′11″),Dragon,Ice
Arctibax,0997,30.0 kg (66.1 lbs),0.8 m (2′07″),Dragon,Ice
Frigibax,0996,17.0 kg (37.5 lbs),0.5 m (1′08″),Dragon,Ice
Iron Thorns,0995,303.0 kg (668.0 lbs),1.6 m (5′03″),Rock,Electric
Chien-Pao,1002,152.2 kg (335.5 lbs),1.9 m (6′03″),Dark,Ice
Iron Treads,0990,240.0 kg (529.1 lbs),0.9 m (2′11″),Ground,Steel
Sandy Shocks,0989,60.0 kg (132.3 lbs),2.3 m (7′07″),Electric,Ground
Slither Wing,0988,92.0 kg (202.8 lbs),3.2 m (10′06″),Bug,Fighting
Flutter Mane,0987,4.0 kg (8.8 lbs),1.4 m (4′07″),Ghost,Fairy
Dudunsparce,0982,39.2 kg (86.4 lbs),3.6 m (11′10″),Normal,
Farigiraf,0981,160.0 kg (352.7 lbs),3.2 m (10′06″),Normal,Psychic
Clodsire,0980,223.0 kg (491.6 lbs),1.8 m (5′11″),Poison,Ground
Annihilape,0979,56.0 kg (123.5 lbs),1.2 m (3′11″),Fighting,Ghost
Cetoddle,0974,45.0 kg (99.2 lbs),1.2 m (3′11″),Ice,
Flamigo,0973,37.0 kg (81.6 lbs),1.6 m (5′03″),Flying,Fighting
Greavard,0971,35.0 kg (77.2 lbs),0.6 m (2′00″),Ghost,
Glimmora,0970,45.0 kg (99.2 lbs),1.5 m (4′11″),Rock,Poison
Orthworm,0968,310.0 kg (683.4 lbs),2.5 m (8′02″),Steel,
Revavroom,0966,120.0 kg (264.6 lbs),1.8 m (5′11″),Steel,Poison
Varoom,0965,35.0 kg (77.2 lbs),1.0 m (3′03″),Steel,Poison
Cyclizar,0967,63.0 kg (138.9 lbs),1.6 m (5′03″),Dragon,Normal
Houndstone,0972,15.0 kg (33.1 lbs),2.0 m (6′07″),Ghost,
Glimmet,0969,8.0 kg (17.6 lbs),0.7 m (2′04″),Rock,Poison
Palafin,0964,60.2 kg (132.7 lbs),1.3 m (4′03″),Water,
Finizen,0963,60.2 kg (132.7 lbs),1.3 m (4′03″),Water,
Bombirdier,0962,42.9 kg (94.6 lbs),1.5 m (4′11″),Flying,Dark
Tinkatink,0957,8.9 kg (19.6 lbs),0.4 m (1′04″),Fairy,Steel
Espathra,0956,90.0 kg (198.4 lbs),1.9 m (6′03″),Psychic,
Flittle,0955,1.5 kg (3.3 lbs),0.2 m (0′08″),Psychic,
Rabsca,0954,3.5 kg (7.7 lbs),0.3 m (1′00″),Bug,Psychic
Rellor,0953,1.0 kg (2.2 lbs),0.2 m (0′08″),Bug,
Scovillain,0952,15.0 kg (33.1 lbs),0.9 m (2′11″),Grass,Fire
Capsakid,0951,3.0 kg (6.6 lbs),0.3 m (1′00″),Grass,
Klawf,0950,79.0 kg (174.2 lbs),1.3 m (4′03″),Rock,
Toedscruel,0949,58.0 kg (127.9 lbs),1.9 m (6′03″),Ground,Grass
Toedscool,0948,33.0 kg (72.8 lbs),0.9 m (2′11″),Ground,Grass
Brambleghast,0947,6.0 kg (13.2 lbs),1.2 m (3′11″),Grass,Ghost
Bramblin,0946,0.6 kg (1.3 lbs),0.6 m (2′00″),Grass,Ghost
Grafaiai,0945,27.2 kg (60.0 lbs),0.7 m (2′04″),Poison,Normal
Shroodle,0944,0.7 kg (1.5 lbs),0.2 m (0′08″),Poison,Normal
Bellibolt,0939,113.0 kg (249.1 lbs),1.2 m (3′11″),Electric,
Tadbulb,0938,0.4 kg (0.9 lbs),0.3 m (1′00″),Electric,
Ceruledge,0937,62.0 kg (136.7 lbs),1.6 m (5′03″),Fire,Ghost
Armarouge,0936,85.0 kg (187.4 lbs),1.5 m (4′11″),Fire,Psychic
Charcadet,0935,10.5 kg (23.1 lbs),0.6 m (2′00″),Fire,
Garganacl,0934,240.0 kg (529.1 lbs),2.3 m (7′07″),Rock,
Naclstack,0933,105.0 kg (231.5 lbs),0.6 m (2′00″),Rock,
Nacli,0932,16.0 kg (35.3 lbs),0.4 m (1′04″),Rock,
Dachsbun,0927,14.9 kg (32.8 lbs),0.5 m (1′08″),Fairy,
Fidough,0926,10.9 kg (24.0 lbs),0.3 m (1′00″),Fairy,
Maushold,0925,2.8 kg (6.2 lbs),0.3 m (1′00″),Normal,
Tandemaus,0924,1.8 kg (4.0 lbs),0.3 m (1′00″),Normal,
Pawmot,0923,41.0 kg (90.4 lbs),0.9 m (2′11″),Electric,Fighting
Spidops,0918,16.5 kg (36.4 lbs),1.0 m (3′03″),Bug,
Tarountula,0917,4.0 kg (8.8 lbs),0.3 m (1′00″),Bug,
Oinkologne,0916,120.0 kg (264.6 lbs),1.0 m (3′03″),Normal,
Lechonk,0915,10.2 kg (22.5 lbs),0.5 m (1′08″),Normal,
Quaquaval,0914,61.9 kg (136.5 lbs),1.8 m (5′11″),Water,Fighting
Quaxwell,0913,21.5 kg (47.4 lbs),1.2 m (3′11″),Water,
Meowscarada,0908,31.2 kg (68.8 lbs),1.5 m (4′11″),Grass,Dark
Floragato,0907,12.2 kg (26.9 lbs),0.9 m (2′11″),Grass,
Sprigatito,0906,4.1 kg (9.0 lbs),0.4 m (1′04″),Grass,
Enamorus,0905,48.0 kg (105.8 lbs),1.6 m (5′03″),Fairy,Flying
Overqwil,0904,60.5 kg (133.4 lbs),2.5 m (8′02″),Dark,Poison
Sneasler,0903,43.0 kg (94.8 lbs),1.3 m (4′03″),Fighting,Poison
Calyrex,0898,7.7 kg (17.0 lbs),1.1 m (3′07″),Psychic,Grass
Zarude,0893,70.0 kg (154.3 lbs),1.8 m (5′11″),Dark,Grass
Urshifu,0892,105.0 kg (231.5 lbs),1.9 m (6′03″),Fighting,Dark
Kubfu,0891,12.0 kg (26.5 lbs),0.6 m (2′00″),Fighting,
Eternatus,0890,950.0 kg (2094.4 lbs),20.0 m (65′07″),Poison,Dragon
Zamazenta,0889,210.0 kg (463.0 lbs),2.9 m (9′06″),Fighting,Steel
Zacian,0888,110.0 kg (242.5 lbs),2.8 m (9′02″),Fairy,Steel
Dragapult,0887,50.0 kg (110.2 lbs),3.0 m (9′10″),Dragon,Ghost
Dracovish,0882,215.0 kg (474.0 lbs),2.3 m (7′07″),Water,Dragon
Arctozolt,0881,150.0 kg (330.7 lbs),2.3 m (7′07″),Electric,Ice
Dracozolt,0880,190.0 kg (418.9 lbs),1.8 m (5′11″),Electric,Dragon
Copperajah,0879,650.0 kg (1433.0 lbs),3.0 m (9′10″),Steel,
Cufant,0878,100.0 kg (220.5 lbs),1.2 m (3′11″),Steel,
Alcremie,0869,0.5 kg (1.1 lbs),0.3 m (1′00″),Fairy,
Milcery,0868,0.3 kg (0.7 lbs),0.2 m (0′08″),Fairy,
Runerigus,0867,66.6 kg (146.8 lbs),1.6 m (5′03″),Ground,Ghost
Obstagoon,0862,46.0 kg (101.4 lbs),1.6 m (5′03″),Dark,Normal
Grimmsnarl,0861,61.0 kg (134.5 lbs),1.5 m (4′11″),Dark,Fairy
Morgrem,0860,12.5 kg (27.6 lbs),0.8 m (2′07″),Dark,Fairy
Impidimp,0859,5.5 kg (12.1 lbs),0.4 m (1′04″),Dark,Fairy
Hatterene,0858,5.1 kg (11.2 lbs),2.1 m (6′11″),Psychic,Fairy
Grapploct,0853,39.0 kg (86.0 lbs),1.6 m (5′03″),Fighting,
Clobbopus,0852,4.0 kg (8.8 lbs),0.6 m (2′00″),Fighting,
Centiskorch,0851,120.0 kg (264.6 lbs),3.0 m (9′10″),Fire,Bug
Sizzlipede,0850,1.0 kg (2.2 lbs),0.7 m (2′04″),Fire,Bug
Toxtricity,0849,40.0 kg (88.2 lbs),1.6 m (5′03″),Electric,Poison
Toxel,0848,11.0 kg (24.3 lbs),0.4 m (1′04″),Electric,Poison
Barraskewda,0847,30.0 kg (66.1 lbs),1.3 m (4′03″),Water,
Arrokuda,0846,1.0 kg (2.2 lbs),0.5 m (1′08″),Water,
Flapple,0841,1.0 kg (2.2 lbs),0.3 m (1′00″),Grass,Dragon
